<?xml version="1.0"?>
<metadata>
  <idinfo>
    <citation>
      <citeinfo>
        <origin>Whiteman, John P.</origin>
        <origin>Durner, George M. (ORCID: 0000-0002-3370-1191)</origin>
        <pubdate>20220429</pubdate>
        <title>Data Used to Assess the Acute Physiological Response of Polar Bears to Helicopter Capture</title>
        <geoform>tabular digital data</geoform>
        <pubinfo>
          <pubplace>Anchorage, Alaska</pubplace>
          <publish>U.S. Geological Survey, Alaska Science Center</publish>
        </pubinfo>
        <othercit>Suggested Citation: Whiteman, J.P., Durner, G.M., 2022, Data used to assess the acute physiological response of polar bears to helicopter capture: U.S. Geological Survey data release, https://doi.org/10.5066/P9OKOCN1</othercit>
        <onlink>https://doi.org/10.5066/P9OKOCN1</onlink>
        <lworkcit>
          <citeinfo>
            <origin>U.S. Geological Survey, Alaska Science Center</origin>
            <pubdate>1984</pubdate>
            <title>Response of Polar Bear Populations to a Rapidly Diminishing Sea Ice Environment</title>
            <geoform>website</geoform>
            <serinfo>
              <sername>Alaska Science Portal</sername>
              <issue>16</issue>
            </serinfo>
            <pubinfo>
              <pubplace>Anchorage, Alaska</pubplace>
              <publish>U.S. Geological Survey, Alaska Science Center</publish>
            </pubinfo>
            <othercit>This is a link to the broader USGS Alaska Science Center research project supported by these data. Users will find a description of the research project and links to associated reports, publications, and data products.</othercit>
            <onlink>https://alaska.usgs.gov/portal/project.php?project_id=16</onlink>
          </citeinfo>
        </lworkcit>
      </citeinfo>
    </citation>
    <descript>
      <abstract>This dataset is in five tables with data from ecophysiological studies of free-ranging polar bears of the Southern Beaufort Sea subpopulation. They were equipped with high-resolution activity sensors, body temperature loggers, and GPS satellite-telemetry collars, to compare physiological state and activity of bears during natural behavior with that experienced by bears during helicopter recapture events (n = 14 bears). The data include: rectal temperatures for comparison to temperatures recorded by implanted loggers, levels of blood biochemical markers (n = 50 bears) related to elevated body temperature and stress for testing whether these markers were influenced by the duration of helicopter operations, ambient temperature, and dose of the immobilization drug.</abstract>
      <purpose>These data were collected by the University of Wyoming and USGS staff to understand the physiological response of polar bears to during helicopter recapture events.</purpose>
    </descript>
    <timeperd>
      <timeinfo>
        <rngdates>
          <begdate>2008</begdate>
          <enddate>2009</enddate>
        </rngdates>
      </timeinfo>
      <current>Observed</current>
    </timeperd>
    <status>
      <progress>Complete</progress>
      <update>As needed</update>
    </status>
    <spdom>
      <descgeog>Southern Beaufort Sea and barrier islands between Utqiagvik and the Alaska and Yukon Territory (Canada) Boundary</descgeog>
      <bounding>
        <westbc>-157.148</westbc>
        <eastbc>-140.976</eastbc>
        <northbc>71.938</northbc>
        <southbc>70.058</southbc>
      </bounding>
    </spdom>
    <keywords>
      <theme>
        <themekt>USGS Metadata Identifier</themekt>
        <themekey>USGS:ASC447</themekey>
      </theme>
      <theme>
        <themekt>ISO 19115 Topic Category</themekt>
        <themekey>Biota</themekey>
        <themekey>Environment</themekey>
      </theme>
      <theme>
        <themekt>NASA GCMD Earth Science Keyword Thesaurus</themekt>
        <themekey>Animals/Vertebrates</themekey>
        <themekey>Mammals</themekey>
        <themekey>Bears</themekey>
      </theme>
      <theme>
        <themekt>USGS CSA Biocomplexity Thesaurus</themekt>
        <themekey>Mammalian physiology</themekey>
        <themekey>Biochemical composition</themekey>
        <themekey>Biochemical analysis</themekey>
        <themekey>Animal response</themekey>
        <themekey>Biological response</themekey>
        <themekey>Immobilization</themekey>
        <themekey>Metabolism</themekey>
      </theme>
      <theme>
        <themekt>USGS Thesaurus</themekt>
        <themekey>Wildlife</themekey>
        <themekey>Marine ecosystems</themekey>
        <themekey>Telemetry</themekey>
        <themekey>Anatomy and physiology</themekey>
        <themekey>Biochemistry</themekey>
      </theme>
      <theme>
        <themekt>NIH MeSH Thesaurus</themekt>
        <themekey>Biochemical marker</themekey>
        <themekey>Body temperature changes</themekey>
      </theme>
      <theme>
        <themekt>None</themekt>
        <themekey>Polar bear</themekey>
        <themekey>Ursus maritimus</themekey>
      </theme>
      <place>
        <placekt>USGS Geographic Names Information System (GNIS)</placekt>
        <placekey>Alaska</placekey>
        <placekey>Beaufort Sea</placekey>
      </place>
    </keywords>
    <taxonomy>
      <keywtax>
        <taxonkt>None</taxonkt>
        <taxonkey>Polar Bear</taxonkey>
      </keywtax>
      <taxonsys>
        <classsys>
          <classcit>
            <citeinfo>
              <origin>ITIS Integrated Taxonomic Information System</origin>
              <pubdate>Unknown</pubdate>
              <title>ITIS Integrated Taxonomic Information System</title>
              <geoform>online database</geoform>
              <pubinfo>
                <pubplace>online</pubplace>
                <publish>ITIS-North America</publish>
              </pubinfo>
              <othercit>Taxonomic details retrieved March 4, 2022, from the Integrated Taxonomic Information System online database https://www.itis.gov</othercit>
              <onlink>https://www.itis.gov</onlink>
            </citeinfo>
          </classcit>
        </classsys>
        <taxonpro>Animal species were identified by trained observers in the field using physical characteristics typical of each species.</taxonpro>
      </taxonsys>
      <taxoncl>
        <taxonrn>Kingdom</taxonrn>
        <taxonrv>Animalia</taxonrv>
        <taxoncl>
          <taxonrn>Subkingdom</taxonrn>
          <taxonrv>Bilateria</taxonrv>
          <taxoncl>
            <taxonrn>Infrakingdom</taxonrn>
            <taxonrv>Deuterostomia</taxonrv>
            <taxoncl>
              <taxonrn>Phylum</taxonrn>
              <taxonrv>Chordata</taxonrv>
              <taxoncl>
                <taxonrn>Subphylum</taxonrn>
                <taxonrv>Vertebrata</taxonrv>
                <taxoncl>
                  <taxonrn>Infraphylum</taxonrn>
                  <taxonrv>Gnathostomata</taxonrv>
                  <taxoncl>
                    <taxonrn>Superclass</taxonrn>
                    <taxonrv>Tetrapoda</taxonrv>
                    <taxoncl>
                      <taxonrn>Class</taxonrn>
                      <taxonrv>Mammalia</taxonrv>
                      <taxoncl>
                        <taxonrn>Subclass</taxonrn>
                        <taxonrv>Theria</taxonrv>
                        <taxoncl>
                          <taxonrn>Infraclass</taxonrn>
                          <taxonrv>Eutheria</taxonrv>
                          <taxoncl>
                            <taxonrn>Order</taxonrn>
                            <taxonrv>Carnivora</taxonrv>
                            <taxoncl>
                              <taxonrn>Suborder</taxonrn>
                              <taxonrv>Caniformia</taxonrv>
                              <taxoncl>
                                <taxonrn>Family</taxonrn>
                                <taxonrv>Ursidae</taxonrv>
                                <taxoncl>
                                  <taxonrn>Genus</taxonrn>
                                  <taxonrv>Ursus</taxonrv>
                                  <taxoncl>
                                    <taxonrn>Species</taxonrn>
                                    <taxonrv>Ursus maritimus</taxonrv>
                                    <common>TSN: 180542</common>
                                  </taxoncl>
                                </taxoncl>
                              </taxoncl>
                            </taxoncl>
                          </taxoncl>
                        </taxoncl>
                      </taxoncl>
                    </taxoncl>
                  </taxoncl>
                </taxoncl>
              </taxoncl>
            </taxoncl>
          </taxoncl>
        </taxoncl>
      </taxoncl>
    </taxonomy>
    <accconst>None</accconst>
    <useconst>It is requested that the authors and the USGS Alaska Science Center be cited for any subsequent publications that reference this dataset.</useconst>
    <ptcontac>
      <cntinfo>
        <cntorgp>
          <cntorg>U.S. Geological Survey, Alaska Science Center</cntorg>
        </cntorgp>
        <cntaddr>
          <addrtype>Mailing and Physical</addrtype>
          <address>4210 University Drive</address>
          <city>Anchorage</city>
          <state>Alaska</state>
          <postal>99508</postal>
          <country>USA</country>
        </cntaddr>
        <cntvoice>907-786-7000</cntvoice>
        <cntemail>ascweb@usgs.gov</cntemail>
      </cntinfo>
    </ptcontac>
    <datacred>This study was funded by NSF (OPP 0732713), the U.S. Geological Survey (USGS) Climate and Land Use Change Research and Development Program, U.S. Fish and Wildlife Service Marine Mammals Management, Wyoming NASA Space Grant (NNG05G165H), the University of Wyoming, and the Environmental Protection Agency (EPA) Science To Achieve Results program (F91737301).</datacred>
    <crossref>
      <citeinfo>
        <origin>Whiteman, John P.</origin>
        <origin>Harlow, Henry J.</origin>
        <origin>Durner, George M. (ORCID: 0000-0002-3370-1191)</origin>
        <origin>Regehr, Eric V.</origin>
        <origin>Amstrup, Steven C.</origin>
        <origin>Pagano, Anthony M. (ORCID: 0000-0003-2176-0909)</origin>
        <origin>Ben-David, Merav</origin>
        <pubdate>2022</pubdate>
        <title>The Acute Physiological Response of Polar Bears to Helicopter Capture</title>
        <geoform>journal article</geoform>
        <serinfo>
          <sername>The Journal of Wildlife Management</sername>
          <issue>86:e22238</issue>
        </serinfo>
        <pubinfo>
          <pubplace>online</pubplace>
          <publish>Wiley Online Library</publish>
        </pubinfo>
        <othercit>Whiteman, J.P., Harlow, H.J., Durner, G.M., Regehr, E.V., Amstrup, S.C., Pagano, A.M., Ben-David, M. 2022. The acute physiological response of polar bears to helicopter capture, The Journal of Wildlife Management 86:e22238  doi:10.1002/jwmg.22238</othercit>
        <onlink>https://doi.org/10.1002/jwmg.22238</onlink>
      </citeinfo>
    </crossref>
    <crossref>
      <citeinfo>
        <origin>Durner, George M. (ORCID: 0000-0002-3370-1191)</origin>
        <origin>Whiteman, John P.</origin>
        <origin>Harlow, Henry J.</origin>
        <origin>Amstrup, Steven C.</origin>
        <origin>Regehr, Eric V.</origin>
        <origin>Ben-David, Merav</origin>
        <pubdate>2011</pubdate>
        <title>Consequences of Long-Distance Swimming and Travel Over Deep-Water Pack Ice for a Female Polar Bear During a Year of Extreme Sea Ice Retreat</title>
        <geoform>journal article</geoform>
        <serinfo>
          <sername>Polar Biology</sername>
          <issue>34:975-984</issue>
        </serinfo>
        <pubinfo>
          <pubplace>online</pubplace>
          <publish>Springer Link</publish>
        </pubinfo>
        <othercit>Durner, G.M., Whiteman, J.P., Harlow, H.J., Amstrup, S.C., Regehr, E.V., and Ben-David, M. 2011. Consequences of long-distance swimming and travel over deep-water pack ice for a female polar bear during a year of extreme sea ice retreat. Polar Biology 34:975-984  doi:10.1007/s00300-010-0953-2</othercit>
        <onlink>https://doi.org/10.1007/s00300-010-0953-2</onlink>
      </citeinfo>
    </crossref>
    <crossref>
      <citeinfo>
        <origin>Whiteman, John P.</origin>
        <origin>Harlow, Henry J.</origin>
        <origin>Durner, George M. (ORCID: 0000-0002-3370-1191)</origin>
        <origin>Anderson-Sprecher, Richard</origin>
        <origin>Albeke, Shannon E.</origin>
        <origin>Regehr, Eric V.</origin>
        <origin>Amstrup, Steven C.</origin>
        <origin>Ben-David, Merav</origin>
        <pubdate>2015</pubdate>
        <title>Summer Declines in Activity and Body Temperature Offer Polar Bears Limited Energy Savings</title>
        <geoform>journal article</geoform>
        <serinfo>
          <sername>Science</sername>
          <issue>349(62454):295-298</issue>
        </serinfo>
        <pubinfo>
          <pubplace>online</pubplace>
          <publish>American Association for the Advancement of Science</publish>
        </pubinfo>
        <othercit>Whiteman, J.P., Harlow, H.J., Durner, G.M., Anderson-Sprecher, R., Albeke, S.E., Regehr, E.V., Amstrup, S.C., and Ben-David, M. 2015. Summer declines in activity and body temperature offer polar bears limited energy savings. Science 349(62454):295-298  doi:10.1126/science.aaa8623</othercit>
        <onlink>https://doi.org/10.1126/science.aaa8623</onlink>
      </citeinfo>
    </crossref>
    <crossref>
      <citeinfo>
        <origin>Whiteman, John P.</origin>
        <origin>Harlow, Henry J.</origin>
        <origin>Durner, George M. (ORCID: 0000-0002-3370-1191)</origin>
        <origin>Regehr, Eric V.</origin>
        <origin>Rourke, Bryan C.</origin>
        <origin>Robles, Manuel</origin>
        <origin>Amstrup, Steven C.</origin>
        <origin>Ben-David, Merav</origin>
        <pubdate>2017</pubdate>
        <title>Polar Bears Experience Skeletal Muscle Atrophy in Response to Food Deprivation and Reduced Activity in Winter and Summer</title>
        <geoform>journal article</geoform>
        <serinfo>
          <sername>Conservation Physiology</sername>
          <issue>5(1):cox049</issue>
        </serinfo>
        <pubinfo>
          <pubplace>online</pubplace>
          <publish>Oxford Academic</publish>
        </pubinfo>
        <othercit>Whiteman, J.P., Harlow, H.J., Durner, G.M., Regehr, E.V., Rourke, B.C., Robles, M., Amstrup, S.C., and Ben-David, M. 2017. Polar bears experience skeletal muscle atrophy in response to food deprivation and reduced activity in winter and summer. Conservation Physiology 5(1):cox049  doi:10.1093/conphys/cox049</othercit>
        <onlink>https://doi.org/10.1093/conphys/cox049</onlink>
      </citeinfo>
    </crossref>
    <crossref>
      <citeinfo>
        <origin>Whiteman, John P.</origin>
        <origin>Harlow, Henry J.</origin>
        <origin>Durner, George M. (ORCID: 0000-0002-3370-1191)</origin>
        <origin>Regehr, Eric V.</origin>
        <origin>Amstrup, Steven C.</origin>
        <origin>Ben-David, Merav</origin>
        <pubdate>2017</pubdate>
        <title>Phenotypic Plasticity and Climate Change: Can Polar Bears Respond to Longer Arctic Summers With an Adaptive Fast?</title>
        <geoform>journal article</geoform>
        <serinfo>
          <sername>Oecologia</sername>
          <issue>186:369-381</issue>
        </serinfo>
        <pubinfo>
          <pubplace>online</pubplace>
          <publish>Springer Link</publish>
        </pubinfo>
        <othercit>Whiteman, J.P., Harlow, H.J., Durner, G.M., Regehr, E.V., Amstrup, S.C., and Ben-David, M. 2017. Phenotypic plasticity and climate change: can polar bears respond to longer Arctic summers with an adaptive fast? Oecologia 186:369-381  doi:10.1007/s00442-017-4023-0</othercit>
        <onlink>https://doi.org/10.1007/s00442-017-4023-0</onlink>
      </citeinfo>
    </crossref>
    <crossref>
      <citeinfo>
        <origin>Whiteman, John P.</origin>
        <origin>Harlow, Henry J.</origin>
        <origin>Durner, George M. (ORCID: 0000-0002-3370-1191)</origin>
        <origin>Regehr, Eric V.</origin>
        <origin>Amstrup, Steven C.</origin>
        <origin>Ben-David, Merav</origin>
        <pubdate>2019</pubdate>
        <title>Heightened Immune System Function in Polar Bears Using Terrestrial Habitats</title>
        <geoform>journal article</geoform>
        <serinfo>
          <sername>Physiological and Biochemical Zoology</sername>
          <issue>92(1):1-11</issue>
        </serinfo>
        <pubinfo>
          <pubplace>online</pubplace>
          <publish>The University of Chicago Press Journals</publish>
        </pubinfo>
        <othercit>Whiteman, J.P., Harlow, H.J., Durner, G,M., Regehr, E.V., Amstrup, S.C., and Ben-David, M. 2019. Heightened immune system function in polar bears using terrestrial habitats. Physiological and Biochemical Zoology 92(1):1-11  doi:10.1086/698996</othercit>
        <onlink>https://doi.org/10.1086/698996</onlink>
      </citeinfo>
    </crossref>
  </idinfo>
  <dataqual>
    <attracc>
      <attraccr>Individual bear IDs, collection dates, and temperature data were cross-checked and verified to match field data. We observed sterile techniques in the handling of all blood samples and temperature loggers.</attraccr>
    </attracc>
    <logic>Attribute values fall within expected ranges and data were proofed for the presence of duplication and omission.</logic>
    <complete>No data were omitted and there are no missing data.</complete>
    <lineage>
      <method>
        <methtype>Field</methtype>
        <methdesc>Polar bear captures were conducted via helicopter darting using a Bell-206 or Airbus AS350 over the sea ice of the Beaufort Sea (spring and late autumn) or on the nearshore coastal plain and barrier islands between Utqiagvik, Alaska, and the Alaska and Yukon Territory (Canada) border (summer and early autumn). Darts contained the immobilizing drug Telazol (Warner-Lamber Co., NJ, USA) and was administered at doses estimated at 4–10 mg per kg based on visual assessments of body mass of the target bear. The duration of helicopter operations was calculated as the time elapsed between the minute of the initial sighting of the bear, the minute the bear exhibited symptoms of ataxia, and the minute the bear was observed to lay down. Events were recorded on standardized paper data sheets and later entered into a computer database. Rectal temperature of captured bears was measured with a digital thermometer (Syrvet, Inc., Waukee, IA, USA), usually within 10 minutes after immobilization. Bears were weighed by suspending them in a net from an electronic load cell scale that was connected to an aluminum tripod.

        A total of 14 bears were fitted with accelerometers, temperature loggers, or both. Accelerometers (Actiwatch; Mini-Mitter Respironics, Bend, OR, USA), attached to an Argos-linked GPS radio collar (Telonics, Mesa, AZ, USA), were sensitive to motion in all planes and recorded a unitless count every 2 minutes, reflecting acceleration intensity. Body temperature was recorded by loggers surgically implanted in the rump (peripheral temperature) or in the abdomen (abdominal temperature). Peripheral temperature was recorded with Tidbit V2 loggers (every 5 or 10 minutes, resolution 0.02°C; Onset Computer Corporation, MA, USA). Abdominal temperature was recorded with iButton loggers (DS1922L, hourly measurements, resolution 0.0625°C; Maxim Integrated, CA, USA). For peripheral temperature, the logger was sutured to the surface of the gluteus maximus muscle, beneath the subcutaneous adipose tissue, slightly ventral to the base of the tail. For abdominal temperature, the logger was sutured inside the abdominal cavity, adjacent to the peritoneum, on the ventral mid-line and slightly superior of the umbilicus. On subsequent recapture of instrumented bears, temperature loggers were surgically extracted and radio collars with their accelerometer were removed. Logger and accelerometer data were downloaded as computer files for each instrumented bear.

        For ambient air temperature of capture events, we used estimates of 2-m above-ground air temperature from the European Centre for Medium-Range Weather Forecasts ERA5 global atmospheric reanalysis (Hersbach et al. 2020) using the Env-Data tool (Dodge et al. 2013) implemented through Movebank (https://www.movebank.org ). We prescribed the Env-Data tool to interpolate temperature values at the location and time of each polar bear capture (scale of 0.25° × 0.25°) by applying spatial and temporal inverse-distance weighting to the surrounding hourly, 31-km resolution gridded ERA5 outputs.</methdesc>
      </method>
      <method>
        <methtype>Lab</methtype>
        <methdesc>Blood was collected from the femoral artery (occasionally the vein) in plain (red-top) and EDTA (anticoagulant; purple-top) vacutainers ®. Within 12 hours we used a hematology diagnostic analyzer (HM5, Abaxis Inc., Union City, CA, USA) to analyze EDTA whole blood for total white blood cells and percentage of neutrophils and lymphocytes. Whole blood from plain vacutainers ® was centrifuged (2000 RCF for 10 min), separating serum from red blood cells, and measured serum glucose, ALT, Na+, and K+ with chemistry panels (500-7123; Abaxis Inc., CA, USA) and a veterinary blood analyzer (VS2 VetScan; Abaxis, Inc). Serum was then frozen at -20 to -40 °C. Serum cortisol was measured in thawed samples with an enzyme-linked immunosorbent assay (EA65, Oxford Biomedical Research, MI, USA). Serum glutamic acid was analyzed in thawed samples with ion-exchange liquid chromatography by the University of Missouri Experiment Station Chemical Laboratories (MO, USA).</methdesc>
      </method>
      <srcinfo>
        <srccite>
          <citeinfo>
            <origin>Hersbach, H.</origin>
            <origin>Bell, B.</origin>
            <origin>Berrisford, P.</origin>
            <origin>Hirahara, S.</origin>
            <origin>Horányi, A.</origin>
            <origin>Muñoz-Sabater, J.</origin>
            <pubdate>2020</pubdate>
            <title>The ERA5 Global Reanalysis</title>
            <geoform>journal article</geoform>
            <serinfo>
              <sername>Quarterly Journal of the Royal Meteorological Society</sername>
              <issue>146(730):1999-2049</issue>
            </serinfo>
            <pubinfo>
              <pubplace>online</pubplace>
              <publish>Wiley</publish>
            </pubinfo>
            <othercit>Hersbach, H., Bell, B., Berrisford, P., Hirahara, S., Horányi, A., Muñoz-Sabater, J., ... Thépaut, J-N. 2020. The ERA5 global reanalysis. Quarterly Journal of the Royal Meteorological Society 146(730):1999-2049  doi:10.1002/qj.3803</othercit>
            <onlink>https://doi.org/10.1002/qj.3803</onlink>
          </citeinfo>
        </srccite>
        <typesrc>publication</typesrc>
        <srctime>
          <timeinfo>
            <sngdate>
              <caldate>2020</caldate>
            </sngdate>
          </timeinfo>
          <srccurr>publication date</srccurr>
        </srctime>
        <srccitea>Hersbach et al. 2020</srccitea>
        <srccontr>Estimates of 2-m above-ground ambient air temperature at the time and location of each capture, interpolated from ERA5 Global Reanalysis data provided by the European Centre for Medium-Range Weather Forecasts (ECMWF). Data were accessed and interpolated via the Env-DATA tool, implemented through Movebank  https://www.movebank.org</srccontr>
      </srcinfo>
      <srcinfo>
        <srccite>
          <citeinfo>
            <origin>Dodge, S.</origin>
            <origin>Bohrer, G.</origin>
            <origin>Weinzierl, R.</origin>
            <origin>Davidson, S.C.</origin>
            <origin>Kays, R.</origin>
            <origin>Douglas, D.</origin>
            <origin>Cruz, S.</origin>
            <origin>Brandes, D.</origin>
            <origin>Wikelski, M.</origin>
            <pubdate>2013</pubdate>
            <title>The Environmental-Data Automated Track Annotation (Env-DATA) System: Linking Animal Tracks with Environmental Data</title>
            <geoform>journal article</geoform>
            <serinfo>
              <sername>Movement Ecology</sername>
              <issue>1(3)</issue>
            </serinfo>
            <pubinfo>
              <pubplace>online</pubplace>
              <publish>BMC Springer Nature</publish>
            </pubinfo>
            <othercit>Dodge, S., Bohrer, G., Weinzierl, R., Davidson, S.C., Kays, R., Douglas, D., Cruz, S., Brandes, D., and Wikelski, M. 2013. The environmental-data automated track annotation (Env-DATA) system: linking animal tracks with environmental data. Movement Ecology 1(3)  doi:10.1186/2051-3933-1-3</othercit>
            <onlink>https://doi.org/10.1186/2051-3933-1-3</onlink>
          </citeinfo>
        </srccite>
        <typesrc>publication</typesrc>
        <srctime>
          <timeinfo>
            <sngdate>
              <caldate>2013</caldate>
            </sngdate>
          </timeinfo>
          <srccurr>publication date</srccurr>
        </srctime>
        <srccitea>Dodge et al. 2013</srccitea>
        <srccontr>Estimates of 2-m above-ground ambient air temperature at the time and location of each capture, interpolated from ERA5 Global Reanalysis data provided by the European Centre for Medium-Range Weather Forecasts (ECMWF). Data were accessed and interpolated via the Env-DATA tool, implemented through Movebank  https://www.movebank.org</srccontr>
      </srcinfo>
      <procstep>
        <procdesc>Data on captures were recorded on paper data sheets in real time. Data sheets were reviewed by field personnel for accuracy and completeness prior to departing each captured bear. Data on paper data sheets were transferred to digital form on return to the field base on the same day of each capture, during which data were again reviewed for accuracy and completeness.</procdesc>
        <srcused>Hersbach et al. 2020</srcused>
        <srcused>Dodge et al. 2013</srcused>
        <procdate>Unknown</procdate>
      </procstep>
    </lineage>
  </dataqual>
  <spdoinfo>
    <direct>Point</direct>
  </spdoinfo>
  <spref>
    <horizsys>
      <geograph>
        <latres>0.00001</latres>
        <longres>0.00001</longres>
        <geogunit>Decimal degrees</geogunit>
      </geograph>
      <geodetic>
        <horizdn>World Geodetic System 1984 (WGS84)</horizdn>
        <ellips>World Geodetic System 1984 (WGS84)</ellips>
        <semiaxis>6378137</semiaxis>
        <denflat>298.257223563</denflat>
      </geodetic>
    </horizsys>
  </spref>
  <eainfo>
    <detailed>
      <enttyp>
        <enttypl>polarBear_captureSequences_beaufort_whiteman_durner.csv</enttypl>
        <enttypd>Table providing capture sequence data for fourteen polar bears captured in the southern Beaufort Sea region of Alaska. Presented in a Comma Separated Value (CSV) formatted table.</enttypd>
        <enttypds>Author defined</enttypds>
      </enttyp>
      <attr>
        <attrlabl>BearID</attrlabl>
        <attrdef>Individual unique identification number used in all analyses. Corresponds to 'BearID' in all tables included with this data package.</attrdef>
        <attrdefs>Author defined</attrdefs>
        <attrdomv>
          <udom>Individual unique identification number used in all analyses.</udom>
        </attrdomv>
      </attr>
      <attr>
        <attrlabl>datetimeUTC</attrlabl>
        <attrdef>Date and time (UTC) of each activity record.</attrdef>
        <attrdefs>Author defined</attrdefs>
        <attrdomv>
          <rdom>
            <rdommin>2008-10-08 19:38:00</rdommin>
            <rdommax>2009-10-18 19:38:00</rdommax>
            <attrunit>YYYY-MM-DD hh:mm:ss (24-hr)</attrunit>
          </rdom>
        </attrdomv>
      </attr>
      <attr>
        <attrlabl>Event</attrlabl>
        <attrdef>The type of event during the capture sequence.</attrdef>
        <attrdefs>Author defined</attrdefs>
        <attrdomv>
          <edom>
            <edomv>first sighting</edomv>
            <edomvd>Point in time that a bear is initially observed by capture helicopter</edomvd>
            <edomvds>Author defined</edomvds>
          </edom>
        </attrdomv>
        <attrdomv>
          <edom>
            <edomv>ataxia</edomv>
            <edomvd>Point in time at which darted bear first shows visible symptoms of drug effects</edomvd>
            <edomvds>Author defined</edomvds>
          </edom>
        </attrdomv>
        <attrdomv>
          <edom>
            <edomv>down</edomv>
            <edomvd>Point in time at which darted bear first becomes fully immobilized</edomvd>
            <edomvds>Author defined</edomvds>
          </edom>
        </attrdomv>
        <attrdomv>
          <edom>
            <edomv>rectal temp</edomv>
            <edomvd>Point in time a rectal temperature is measured by the capture crew</edomvd>
            <edomvds>Author defined</edomvds>
          </edom>
        </attrdomv>
      </attr>
      <attr>
        <attrlabl>Rectal_temp</attrlabl>
        <attrdef>The rectal temperature in degrees Celsius of the polar bear during the rectal temp event. 'NA' indicates that the rectal temperature of the polar bears was not collected during the event.</attrdef>
        <attrdefs>Author defined</attrdefs>
        <attrdomv>
          <rdom>
            <rdommin>34.7</rdommin>
            <rdommax>40.2</rdommax>
            <attrunit>Degrees Celsius</attrunit>
          </rdom>
        </attrdomv>
      </attr>
    </detailed>
    <detailed>
      <enttyp>
        <enttypl>polarBear_activity_beaufort_whiteman_durner.csv</enttypl>
        <enttypd>Table providing activity count data for five polar bears in the southern Beaufort Sea region of Alaska fitted with GPS radio collar accelerometers. Accelerometers were sensitive to motion in all planes and recorded a unitless count every 2 minutes, reflecting acceleration intensity. Presented in a Comma Separated Value (CSV) formatted table.</enttypd>
        <enttypds>Author defined</enttypds>
      </enttyp>
      <attr>
        <attrlabl>BearID</attrlabl>
        <attrdef>Individual unique identification number used in all analyses. Corresponds to 'BearID' in all tables included with this data package.</attrdef>
        <attrdefs>Author defined</attrdefs>
        <attrdomv>
          <udom>Individual unique identification number used in all analyses.</udom>
        </attrdomv>
      </attr>
      <attr>
        <attrlabl>datetimeUTC</attrlabl>
        <attrdef>Date and time (UTC) of each activity record.</attrdef>
        <attrdefs>Author defined</attrdefs>
        <attrdomv>
          <rdom>
            <rdommin>2008-08-11 22:30:00</rdommin>
            <rdommax>2008-10-20 19:20:00</rdommax>
            <attrunit>YYYY-MM-DD hh:mm:ss (24-hr)</attrunit>
          </rdom>
        </attrdomv>
      </attr>
      <attr>
        <attrlabl>Activity_count</attrlabl>
        <attrdef>Recorded by accelerometers (attached to a GPS radio collar) sensitive to motion in all planes and recorded a unitless count every 2 minutes, reflecting acceleration intensity.</attrdef>
        <attrdefs>Author defined</attrdefs>
        <attrdomv>
          <rdom>
            <rdommin>0</rdommin>
            <rdommax>10851</rdommax>
            <attrunit>Unitless count</attrunit>
          </rdom>
        </attrdomv>
      </attr>
    </detailed>
    <detailed>
      <enttyp>
        <enttypl>polarBear_peripheralBodyTemp_beaufort_whiteman_durner.csv</enttypl>
        <enttypd>Table providing peripheral body temperature data for six polar bears in the southern Beaufort Sea region of Alaska fitted with temperature loggers surgically implanted in the rump. Loggers were sutured to the surface of the gluteus maximus muscle, beneath the subcutaneous adipose tissue, slightly ventral to the base of the tail. Presented in a Comma Separated Value (CSV) formatted table.</enttypd>
        <enttypds>Author defined</enttypds>
      </enttyp>
      <attr>
        <attrlabl>BearID</attrlabl>
        <attrdef>Individual unique identification number used in all analyses. Corresponds to 'BearID' in all tables included with this data package.</attrdef>
        <attrdefs>Author defined</attrdefs>
        <attrdomv>
          <udom>Individual unique identification number used in all analyses.</udom>
        </attrdomv>
      </attr>
      <attr>
        <attrlabl>datetimeUTC</attrlabl>
        <attrdef>Date and time (UTC) of each peripheral body temperature record.</attrdef>
        <attrdefs>Author defined</attrdefs>
        <attrdomv>
          <rdom>
            <rdommin>2008-08-24 01:20:00</rdommin>
            <rdommax>2009-10-07 22:30:00</rdommax>
            <attrunit>YYYY-MM-DD hh:mm:ss (24-hr)</attrunit>
          </rdom>
        </attrdomv>
      </attr>
      <attr>
        <attrlabl>bodyTemp_peripheral</attrlabl>
        <attrdef>Body temperature (Celsius) recorded by loggers surgically implanted in the rump and sutured to the surface of the gluteus maximus muscle.</attrdef>
        <attrdefs>Author defined</attrdefs>
        <attrdomv>
          <rdom>
            <rdommin>14.32</rdommin>
            <rdommax>40.79</rdommax>
            <attrunit>Degrees Celsius</attrunit>
          </rdom>
        </attrdomv>
      </attr>
    </detailed>
    <detailed>
      <enttyp>
        <enttypl>polarBear_abdominalBodyTemp_beaufort_whiteman_durner.csv</enttypl>
        <enttypd>Table providing abdominal body temperature data for six polar bears in the southern Beaufort Sea region of Alaska fitted with temperature loggers surgically implanted in the abdomen. Loggers were sutured inside the abdominal cavity, adjacent to the peritoneum, on the ventral mid-line and slightly superior of the umbilicus.Presented in a Comma Separated Value (CSV) formatted table.</enttypd>
        <enttypds>Author defined</enttypds>
      </enttyp>
      <attr>
        <attrlabl>BearID</attrlabl>
        <attrdef>Individual unique identification number used in all analyses. Corresponds to 'BearID' in all tables included with this data package.</attrdef>
        <attrdefs>Author defined</attrdefs>
        <attrdomv>
          <udom>Individual unique identification number used in all analyses.</udom>
        </attrdomv>
      </attr>
      <attr>
        <attrlabl>datetimeUTC</attrlabl>
        <attrdef>Date and time (UTC) of each abdominal body temperature record.</attrdef>
        <attrdefs>Author defined</attrdefs>
        <attrdomv>
          <rdom>
            <rdommin>2009-05-06 20:48:00</rdommin>
            <rdommax>2009-10-18 20:37:00</rdommax>
            <attrunit>YYYY-MM-DD hh:mm:ss (24-hr)</attrunit>
          </rdom>
        </attrdomv>
      </attr>
      <attr>
        <attrlabl>bodyTemp_abdominal</attrlabl>
        <attrdef>Body temperature (Celsius) recorded by loggers surgically implanted and sutured inside the abdominal cavity adjacent to the peritoneum.</attrdef>
        <attrdefs>Author defined</attrdefs>
        <attrdomv>
          <rdom>
            <rdommin>22.27</rdommin>
            <rdommax>39.92</rdommax>
            <attrunit>Degrees Celsius</attrunit>
          </rdom>
        </attrdomv>
      </attr>
    </detailed>
    <detailed>
      <enttyp>
        <enttypl>polarBear_bloodBiochemistry_beaufort_whiteman_durner.csv</enttypl>
        <enttypd>Table providing blood biochemistry data for fifty polar bears in the southern Beaufort Sea region of Alaska. Blood was collected to examine biochemical marker levels in response to helicopter capture duration, ambient temperature, and dose of immobilization drug. Presented in a Comma Separated Value (CSV) formatted table.</enttypd>
        <enttypds>Author defined</enttypds>
      </enttyp>
      <attr>
        <attrlabl>BearID</attrlabl>
        <attrdef>Individual unique identification number used in all analyses. Corresponds to 'BearID' in all tables included with this data package.</attrdef>
        <attrdefs>Author defined</attrdefs>
        <attrdomv>
          <udom>Individual unique identification number used in all analyses.</udom>
        </attrdomv>
      </attr>
      <attr>
        <attrlabl>datetimeUTC</attrlabl>
        <attrdef>Date and time (UTC) of polar bear capture.</attrdef>
        <attrdefs>Author defined</attrdefs>
        <attrdomv>
          <rdom>
            <rdommin>2008-08-10 22:20:00</rdommin>
            <rdommax>2009-10-26 21:31:00</rdommax>
            <attrunit>YYYY-MM-DD hh:mm:ss (24-hr)</attrunit>
          </rdom>
        </attrdomv>
      </attr>
      <attr>
        <attrlabl>latitude</attrlabl>
        <attrdef>Latitude of polar bear capture.</attrdef>
        <attrdefs>Author defined</attrdefs>
        <attrdomv>
          <rdom>
            <rdommin>69.74004</rdommin>
            <rdommax>77.48262</rdommax>
            <attrunit>Decimal Degrees (WGS84)</attrunit>
          </rdom>
        </attrdomv>
      </attr>
      <attr>
        <attrlabl>longitude</attrlabl>
        <attrdef>Longitude of polar bear capture.</attrdef>
        <attrdefs>Author defined</attrdefs>
        <attrdomv>
          <rdom>
            <rdommin>-169.53422</rdommin>
            <rdommax>-132.58566</rdommax>
            <attrunit>Decimal Degrees (WGS84)</attrunit>
          </rdom>
        </attrdomv>
      </attr>
      <attr>
        <attrlabl>ambient_temp</attrlabl>
        <attrdef>Estimates of 2-m above-ground ambient air temperature at the time and location of each capture, interpolated from ERA5 Global Reanalysis data provided by the European Centre for Medium-Range Weather Forecasts (ECMWF). Data were accessed and interpolated via the Env-DATA tool, implemented through Movebank  https://www.movebank.org</attrdef>
        <attrdefs>Author defined</attrdefs>
        <attrdomv>
          <rdom>
            <rdommin>-15.91</rdommin>
            <rdommax>14.37</rdommax>
            <attrunit>Degrees Celsius</attrunit>
          </rdom>
        </attrdomv>
      </attr>
      <attr>
        <attrlabl>duration</attrlabl>
        <attrdef>Duration between initial sighting of a bear and the time when the bear first became immobilized.</attrdef>
        <attrdefs>Author defined</attrdefs>
        <attrdomv>
          <rdom>
            <rdommin>7.0</rdommin>
            <rdommax>45.0</rdommax>
            <attrunit>Minutes</attrunit>
          </rdom>
        </attrdomv>
      </attr>
      <attr>
        <attrlabl>sex</attrlabl>
        <attrdef>Sex of the polar bear.</attrdef>
        <attrdefs>Author defined</attrdefs>
        <attrdomv>
          <edom>
            <edomv>M</edomv>
            <edomvd>Male</edomvd>
            <edomvds>Author defined</edomvds>
          </edom>
        </attrdomv>
        <attrdomv>
          <edom>
            <edomv>F</edomv>
            <edomvd>Female</edomvd>
            <edomvds>Author defined</edomvds>
          </edom>
        </attrdomv>
      </attr>
      <attr>
        <attrlabl>mass</attrlabl>
        <attrdef>Body mass of the bear at capture in kilograms.</attrdef>
        <attrdefs>Author defined</attrdefs>
        <attrdomv>
          <rdom>
            <rdommin>160.0</rdommin>
            <rdommax>486.82</rdommax>
            <attrunit>Kilograms</attrunit>
          </rdom>
        </attrdomv>
      </attr>
      <attr>
        <attrlabl>measuredTelazol_dose</attrlabl>
        <attrdef>Administered dose of immobilizing drug to polar bear, milligrams per kilogram of measured body mass</attrdef>
        <attrdefs>Author defined</attrdefs>
        <attrdomv>
          <rdom>
            <rdommin>4.11</rdommin>
            <rdommax>15.05</rdommax>
            <attrunit>Milligrams per kilogram of measured body mass</attrunit>
          </rdom>
        </attrdomv>
      </attr>
      <attr>
        <attrlabl>ALT</attrlabl>
        <attrdef>Alanine aminotransferase, measured as the SI (International Standard) unit per liter for enzyme activity.</attrdef>
        <attrdefs>Author defined</attrdefs>
        <attrdomv>
          <rdom>
            <rdommin>13.5</rdommin>
            <rdommax>183.5</rdommax>
            <attrunit>Unit per liter</attrunit>
          </rdom>
        </attrdomv>
      </attr>
      <attr>
        <attrlabl>Glucose</attrlabl>
        <attrdef>Level of serum glucose measured, milligrams per liter</attrdef>
        <attrdefs>Author defined</attrdefs>
        <attrdomv>
          <rdom>
            <rdommin>77.5</rdommin>
            <rdommax>164.5</rdommax>
            <attrunit>Milligrams per liter</attrunit>
          </rdom>
        </attrdomv>
      </attr>
      <attr>
        <attrlabl>Sodium</attrlabl>
        <attrdef>Level of serum sodium measured, millimoles per liter</attrdef>
        <attrdefs>Author defined</attrdefs>
        <attrdomv>
          <rdom>
            <rdommin>133.5</rdommin>
            <rdommax>151.0</rdommax>
            <attrunit>Millimoles per liter</attrunit>
          </rdom>
        </attrdomv>
      </attr>
      <attr>
        <attrlabl>Potassium</attrlabl>
        <attrdef>Level of serum potassium measured, millimoles per liter</attrdef>
        <attrdefs>Author defined</attrdefs>
        <attrdomv>
          <rdom>
            <rdommin>3.75</rdommin>
            <rdommax>5.05</rdommax>
            <attrunit>Millimoles per liter</attrunit>
          </rdom>
        </attrdomv>
      </attr>
      <attr>
        <attrlabl>WBC_count</attrlabl>
        <attrdef>White blood cell count, 1000 per microliter whole blood</attrdef>
        <attrdefs>Author defined</attrdefs>
        <attrdomv>
          <rdom>
            <rdommin>2.85</rdommin>
            <rdommax>14.37</rdommax>
            <attrunit>1000 per microliter whole blood</attrunit>
          </rdom>
        </attrdomv>
      </attr>
      <attr>
        <attrlabl>Lymphocyte</attrlabl>
        <attrdef>Percent Lymphocytes measured, percent per unit of whole blood</attrdef>
        <attrdefs>Author defined</attrdefs>
        <attrdomv>
          <rdom>
            <rdommin>1.1</rdommin>
            <rdommax>38.8</rdommax>
            <attrunit>Percent per unit of whole blood</attrunit>
          </rdom>
        </attrdomv>
      </attr>
      <attr>
        <attrlabl>Neutrophil</attrlabl>
        <attrdef>Percent Neutrophils measured, percent per unit of whole blood</attrdef>
        <attrdefs>Author defined</attrdefs>
        <attrdomv>
          <rdom>
            <rdommin>53.85</rdommin>
            <rdommax>90.65</rdommax>
            <attrunit>Percent per unit of whole blood</attrunit>
          </rdom>
        </attrdomv>
      </attr>
      <attr>
        <attrlabl>Cortisol</attrlabl>
        <attrdef>Level of serum cortisol measured, nanograms per milliliter</attrdef>
        <attrdefs>Author defined</attrdefs>
        <attrdomv>
          <rdom>
            <rdommin>13.61</rdommin>
            <rdommax>192.94</rdommax>
            <attrunit>Nanograms per milliliter</attrunit>
          </rdom>
        </attrdomv>
      </attr>
      <attr>
        <attrlabl>Glutamic_acid</attrlabl>
        <attrdef>Level of serum glutamic acid measured, micrograms per milliliter</attrdef>
        <attrdefs>Author defined</attrdefs>
        <attrdomv>
          <rdom>
            <rdommin>8.1</rdommin>
            <rdommax>96.19</rdommax>
            <attrunit>Micrograms per milliliter</attrunit>
          </rdom>
        </attrdomv>
      </attr>
    </detailed>
  </eainfo>
  <distinfo>
    <distrib>
      <cntinfo>
        <cntorgp>
          <cntorg>U.S. Geological Survey, Alaska Science Center</cntorg>
        </cntorgp>
        <cntaddr>
          <addrtype>Mailing and Physical</addrtype>
          <address>4210 University Drive</address>
          <city>Anchorage</city>
          <state>Alaska</state>
          <postal>99508</postal>
          <country>USA</country>
        </cntaddr>
        <cntvoice>907-786-7000</cntvoice>
        <cntemail>ascweb@usgs.gov</cntemail>
      </cntinfo>
    </distrib>
    <resdesc>The U.S. Geological Survey, Alaska Science Center is the authoritative source and distributor of these data.</resdesc>
    <distliab>Unless otherwise stated, all data, metadata and related materials are considered to satisfy the quality standards relative to the purpose for which the data were collected. Although these data and associated metadata have been reviewed for accuracy and completeness and approved for release by the U.S. Geological Survey, no warranty expressed or implied is made regarding the display or utility of the data for other purposes or on all computer systems, nor shall the act of distribution constitute any such warranty. Any use of trade, firm, or product names is for descriptive purposes only and does not imply endorsement by the U.S. Government.</distliab>
    <stdorder>
      <digform>
        <digtinfo>
          <formname>CSV</formname>
          <formcont>Data are distributed in a Zip package containing data in CSV format and FGDC metadata in XML and HTML formats.</formcont>
          <filedec>Compression applied by the 7-Zip utility using the default compression level [5]. The Zip package can be decompressed and unpacked by open source or commercially available unzip tools.</filedec>
        </digtinfo>
        <digtopt>
          <onlinopt>
            <computer>
              <networka>
                <networkr>https://doi.org/10.5066/P9OKOCN1</networkr>
              </networka>
            </computer>
          </onlinopt>
        </digtopt>
      </digform>
      <fees>None</fees>
    </stdorder>
  </distinfo>
  <metainfo>
    <metd>20220429</metd>
    <metc>
      <cntinfo>
        <cntorgp>
          <cntorg>U.S. Geological Survey, Alaska Science Center</cntorg>
        </cntorgp>
        <cntaddr>
          <addrtype>Mailing and Physical</addrtype>
          <address>4210 University Drive</address>
          <city>Anchorage</city>
          <state>Alaska</state>
          <postal>99508</postal>
          <country>USA</country>
        </cntaddr>
        <cntvoice>907-786-7000</cntvoice>
        <cntemail>ascweb@usgs.gov</cntemail>
      </cntinfo>
    </metc>
    <metstdn>FGDC Biological Data Profile of the Content Standard for Digital Geospatial Metadata (CSDGM)</metstdn>
    <metstdv>FGDC-STD-001.1-1999</metstdv>
  </metainfo>
</metadata>